method,file_size,buf_size,time,status
Shared memory,8KB,8192,0.000712,OK
Shared memory,8KB,8192,0.000609,OK
Shared memory,8KB,8192,0.000455,OK
Shared memory,8KB,8192,0.000340,OK
Shared memory,8KB,8192,0.000340,OK
Shared memory,8KB,8192,0.000481,OK
Shared memory,8KB,8192,0.000362,OK
Shared memory,8KB,8192,0.000244,OK
Shared memory,8KB,8192,0.000303,OK
Shared memory,8KB,8192,0.000431,OK
Shared memory,8KB,65536,0.000403,OK
Shared memory,8KB,65536,0.000423,OK
Shared memory,8KB,65536,0.000406,OK
Shared memory,8KB,65536,0.000355,OK
Shared memory,8KB,65536,0.000513,OK
Shared memory,8KB,65536,0.000479,OK
Shared memory,8KB,65536,0.000372,OK
Shared memory,8KB,65536,0.000302,OK
Shared memory,8KB,65536,0.000305,OK
Shared memory,8KB,65536,0.000578,OK
Shared memory,8KB,1048576,0.000299,OK
Shared memory,8KB,1048576,0.000408,OK
Shared memory,8KB,1048576,0.000388,OK
Shared memory,8KB,1048576,0.000257,OK
Shared memory,8KB,1048576,0.000662,OK
Shared memory,8KB,1048576,0.000284,OK
Shared memory,8KB,1048576,0.000540,OK
Shared memory,8KB,1048576,0.000277,OK
Shared memory,8KB,1048576,0.000269,OK
Shared memory,8KB,1048576,0.000508,OK
Shared memory,4MB,8192,0.024697,OK
Shared memory,4MB,8192,0.024199,OK
Shared memory,4MB,8192,0.023749,OK
Shared memory,4MB,8192,0.026660,OK
Shared memory,4MB,8192,0.023735,OK
Shared memory,4MB,8192,0.026863,OK
Shared memory,4MB,8192,0.026745,OK
Shared memory,4MB,8192,0.023571,OK
Shared memory,4MB,8192,0.024988,OK
Shared memory,4MB,8192,0.023911,OK
Shared memory,4MB,65536,0.013002,OK
Shared memory,4MB,65536,0.008793,OK
Shared memory,4MB,65536,0.004735,OK
Shared memory,4MB,65536,0.005290,OK
Shared memory,4MB,65536,0.004640,OK
Shared memory,4MB,65536,0.005014,OK
Shared memory,4MB,65536,0.005546,OK
Shared memory,4MB,65536,0.006203,OK
Shared memory,4MB,65536,0.004717,OK
Shared memory,4MB,65536,0.004237,OK
Shared memory,4MB,1048576,0.004792,OK
Shared memory,4MB,1048576,0.002146,OK
Shared memory,4MB,1048576,0.002574,OK
Shared memory,4MB,1048576,0.002573,OK
Shared memory,4MB,1048576,0.002303,OK
Shared memory,4MB,1048576,0.002691,OK
Shared memory,4MB,1048576,0.002903,OK
Shared memory,4MB,1048576,0.002385,OK
Shared memory,4MB,1048576,0.002653,OK
Shared memory,4MB,1048576,0.002183,OK
Shared memory,2GB,8192,21.515306,OK
Shared memory,2GB,8192,12.734367,OK
Shared memory,2GB,8192,12.224616,OK
Shared memory,2GB,8192,12.296721,OK
Shared memory,2GB,8192,12.076324,OK
Shared memory,2GB,8192,12.154248,OK
Shared memory,2GB,8192,12.053718,OK
Shared memory,2GB,8192,12.259639,OK
Shared memory,2GB,8192,11.999694,OK
Shared memory,2GB,8192,11.921893,OK
Shared memory,2GB,65536,2.497978,OK
Shared memory,2GB,65536,2.777301,OK
Shared memory,2GB,65536,2.655931,OK
Shared memory,2GB,65536,3.328659,OK
Shared memory,2GB,65536,3.155744,OK
Shared memory,2GB,65536,3.030628,OK
Shared memory,2GB,65536,3.197753,OK
Shared memory,2GB,65536,2.596459,OK
Shared memory,2GB,65536,2.455974,OK
Shared memory,2GB,65536,2.391540,OK
Shared memory,2GB,1048576,2.799923,OK
Shared memory,2GB,1048576,1.797323,OK
Shared memory,2GB,1048576,1.838149,OK
Shared memory,2GB,1048576,2.000259,OK
Shared memory,2GB,1048576,1.571035,OK
Shared memory,2GB,1048576,1.989229,OK
Shared memory,2GB,1048576,2.428310,OK
Shared memory,2GB,1048576,2.675502,OK
Shared memory,2GB,1048576,2.039720,OK
Shared memory,2GB,1048576,1.978604,OK
Message queue,8KB,8192,0.0005462,OK
Message queue,8KB,8192,0.0009877,OK
Message queue,8KB,8192,0.0003135,OK
Message queue,8KB,8192,0.0008506,OK
Message queue,8KB,8192,0.00107,OK
Message queue,8KB,8192,0.000421,OK
Message queue,8KB,8192,0.0002293,OK
Message queue,8KB,8192,0.000318,OK
Message queue,8KB,8192,0.0004787,OK
Message queue,8KB,8192,0.0004094,OK
Message queue,8KB,65536,0.0003059,OK
Message queue,8KB,65536,0.0004822,OK
Message queue,8KB,65536,0.0002922,OK
Message queue,8KB,65536,0.0003224,OK
Message queue,8KB,65536,0.0002346,OK
Message queue,8KB,65536,0.000193,OK
Message queue,8KB,65536,0.0001636,OK
Message queue,8KB,65536,0.0003458,OK
Message queue,8KB,65536,0.0008372,OK
Message queue,8KB,65536,0.0003573,OK
Message queue,8KB,1048576,0.0003045,OK
Message queue,8KB,1048576,0.0003117,OK
Message queue,8KB,1048576,0.0003166,OK
Message queue,8KB,1048576,0.0002822,OK
Message queue,8KB,1048576,0.0009614,OK
Message queue,8KB,1048576,0.0003983,OK
Message queue,8KB,1048576,0.0003503,OK
Message queue,8KB,1048576,0.0004032,OK
Message queue,8KB,1048576,0.0008216,OK
Message queue,8KB,1048576,0.0002891,OK
Message queue,4MB,8192,0.0067401,OK
Message queue,4MB,8192,0.0044891,OK
Message queue,4MB,8192,0.0058549,OK
Message queue,4MB,8192,0.0070446,OK
Message queue,4MB,8192,0.0069564,OK
Message queue,4MB,8192,0.0043689,OK
Message queue,4MB,8192,0.0131646,OK
Message queue,4MB,8192,0.0058334,OK
Message queue,4MB,8192,0.0045575,OK
Message queue,4MB,8192,0.0057904,OK
Message queue,4MB,65536,0.007289,OK
Message queue,4MB,65536,0.0056175,OK
Message queue,4MB,65536,0.0074997,OK
Message queue,4MB,65536,0.0085069,OK
Message queue,4MB,65536,0.0081229,OK
Message queue,4MB,65536,0.0072645,OK
Message queue,4MB,65536,0.0072915,OK
Message queue,4MB,65536,0.008431,OK
Message queue,4MB,65536,0.00756,OK
Message queue,4MB,65536,0.0093091,OK
Message queue,4MB,1048576,0.0048998,OK
Message queue,4MB,1048576,0.0035016,OK
Message queue,4MB,1048576,0.0051998,OK
Message queue,4MB,1048576,0.0041972,OK
Message queue,4MB,1048576,0.0050488,OK
Message queue,4MB,1048576,0.0049928,OK
Message queue,4MB,1048576,0.0034019,OK
Message queue,4MB,1048576,0.005406,OK
Message queue,4MB,1048576,0.005089,OK
Message queue,4MB,1048576,0.0037004,OK
Message queue,2GB,8192,3.51142,OK
Message queue,2GB,8192,2.76913,OK
Message queue,2GB,8192,2.87563,OK
Message queue,2GB,8192,2.81038,OK
Message queue,2GB,8192,2.86934,OK
Message queue,2GB,8192,2.85086,OK
Message queue,2GB,8192,2.73942,OK
Message queue,2GB,8192,2.71617,OK
Message queue,2GB,8192,2.92362,OK
Message queue,2GB,8192,2.80367,OK
Message queue,2GB,65536,3.63254,OK
Message queue,2GB,65536,3.73035,OK
Message queue,2GB,65536,3.68401,OK
Message queue,2GB,65536,3.71228,OK
Message queue,2GB,65536,3.72847,OK
Message queue,2GB,65536,3.70957,OK
Message queue,2GB,65536,3.8592,OK
Message queue,2GB,65536,3.7541,OK
Message queue,2GB,65536,3.80707,OK
Message queue,2GB,65536,3.73405,OK
Message queue,2GB,1048576,1.93735,OK
Message queue,2GB,1048576,1.63957,OK
Message queue,2GB,1048576,1.97135,OK
Message queue,2GB,1048576,1.93628,OK
Message queue,2GB,1048576,2.22998,OK
Message queue,2GB,1048576,2.05463,OK
Message queue,2GB,1048576,2.15904,OK
Message queue,2GB,1048576,1.98574,OK
Message queue,2GB,1048576,1.93488,OK
Message queue,2GB,1048576,2.04868,OK
FIFO,8KB,8192,0.0001543,OK
FIFO,8KB,8192,0.0002074,OK
FIFO,8KB,8192,0.0002359,OK
FIFO,8KB,8192,0.0002036,OK
FIFO,8KB,8192,0.0002928,OK
FIFO,8KB,8192,0.0002251,OK
FIFO,8KB,8192,0.0002417,OK
FIFO,8KB,8192,0.000262,OK
FIFO,8KB,8192,0.0003387,OK
FIFO,8KB,8192,0.0002701,OK
FIFO,8KB,65536,0.0002646,OK
FIFO,8KB,65536,0.0002029,OK
FIFO,8KB,65536,0.0002536,OK
FIFO,8KB,65536,0.0002939,OK
FIFO,8KB,65536,0.0001889,OK
FIFO,8KB,65536,0.0003092,OK
FIFO,8KB,65536,0.00032,OK
FIFO,8KB,65536,0.0003172,OK
FIFO,8KB,65536,0.0002355,OK
FIFO,8KB,65536,0.0003022,OK
FIFO,8KB,1048576,0.0002292,OK
FIFO,8KB,1048576,0.0003352,OK
FIFO,8KB,1048576,0.0003521,OK
FIFO,8KB,1048576,0.0001816,OK
FIFO,8KB,1048576,0.0002013,OK
FIFO,8KB,1048576,0.0002464,OK
FIFO,8KB,1048576,0.0001558,OK
FIFO,8KB,1048576,0.0001988,OK
FIFO,8KB,1048576,0.0001441,OK
FIFO,8KB,1048576,0.0002153,OK
FIFO,4MB,8192,0.0021532,OK
FIFO,4MB,8192,0.0024467,OK
FIFO,4MB,8192,0.0022956,OK
FIFO,4MB,8192,0.0025015,OK
FIFO,4MB,8192,0.0026069,OK
FIFO,4MB,8192,0.0025076,OK
FIFO,4MB,8192,0.0023683,OK
FIFO,4MB,8192,0.004728,OK
FIFO,4MB,8192,0.002327,OK
FIFO,4MB,8192,0.0023323,OK
FIFO,4MB,65536,0.0016643,OK
FIFO,4MB,65536,0.0014852,OK
FIFO,4MB,65536,0.0025582,OK
FIFO,4MB,65536,0.0022684,OK
FIFO,4MB,65536,0.0016239,OK
FIFO,4MB,65536,0.0018361,OK
FIFO,4MB,65536,0.0017715,OK
FIFO,4MB,65536,0.0018476,OK
FIFO,4MB,65536,0.0015904,OK
FIFO,4MB,65536,0.0018221,OK
FIFO,4MB,1048576,0.005182,OK
FIFO,4MB,1048576,0.0040413,OK
FIFO,4MB,1048576,0.0037987,OK
FIFO,4MB,1048576,0.0048892,OK
FIFO,4MB,1048576,0.004573,OK
FIFO,4MB,1048576,0.0042674,OK
FIFO,4MB,1048576,0.0032622,OK
FIFO,4MB,1048576,0.0035061,OK
FIFO,4MB,1048576,0.0042066,OK
FIFO,4MB,1048576,0.0039685,OK
FIFO,2GB,8192,1.72638,OK
FIFO,2GB,8192,1.75361,OK
FIFO,2GB,8192,2.35549,OK
FIFO,2GB,8192,1.6033,OK
FIFO,2GB,8192,1.93643,OK
FIFO,2GB,8192,1.80047,OK
FIFO,2GB,8192,2.47379,OK
FIFO,2GB,8192,1.91438,OK
FIFO,2GB,8192,2.19998,OK
FIFO,2GB,8192,2.33719,OK
FIFO,2GB,65536,1.76648,OK
FIFO,2GB,65536,1.54837,OK
FIFO,2GB,65536,1.53808,OK
FIFO,2GB,65536,2.14267,OK
FIFO,2GB,65536,1.07737,OK
FIFO,2GB,65536,1.6859,OK
FIFO,2GB,65536,1.73334,OK
FIFO,2GB,65536,2.20759,OK
FIFO,2GB,65536,1.46887,OK
FIFO,2GB,65536,1.84523,OK
FIFO,2GB,1048576,2.69483,OK
FIFO,2GB,1048576,1.80991,OK
FIFO,2GB,1048576,1.93215,OK
FIFO,2GB,1048576,2.33254,OK
FIFO,2GB,1048576,1.66721,OK
FIFO,2GB,1048576,2.02493,OK
FIFO,2GB,1048576,2.26969,OK
FIFO,2GB,1048576,1.71827,OK
FIFO,2GB,1048576,1.77124,OK
FIFO,2GB,1048576,2.86068,OK
