threads,run,seconds,integral,standard_error
1,1,1.322828687,2.6667557562270905,0.00023851263841879157
2,1,0.743674543,2.6666399681715616,0.00023850186579689106
3,1,0.531657795,2.6666861940302469,0.00023850643289431592
4,1,0.423015793,2.666300774660352,0.00023850559106668254
5,1,0.462342498,2.666450307681453,0.00023851348789006956
6,1,0.470459137,2.6663318744517372,0.00023851195960777452
7,1,0.419129727,2.6664918598589078,0.00023852028666502954
8,1,0.441717319,2.6664711505013723,0.00023851674735576953
9,1,0.413607038,2.6665179257324723,0.00023852119177661616
10,1,0.406474710,2.6666550010824532,0.00023852881516346183
11,1,0.396304850,2.6666178865818511,0.00023852744285951963
12,1,0.442621604,2.6666254105545146,0.00023852200880872094
13,1,0.420077438,2.6668637696570774,0.00023853283113311994
14,1,0.408055674,2.6668813264860467,0.00023853272983680261
15,1,0.396934416,2.6668148394333793,0.00023853314009100325
16,1,0.418797823,2.6668034697536562,0.00023852734444084489
32,1,0.376005371,2.6667953569437439,0.00023852234804048192
64,1,0.400642471,2.6665628691051153,0.00023852436884719912
128,1,0.414544965,2.6665981511060912,0.00023852421669049042
256,1,0.427353925,2.6667563252794118,0.000238513559444711
512,1,0.453429558,2.6665198916649024,0.00023851209233929208
1024,1,0.500640548,2.6664747859085418,0.00023852251954223114
2048,1,0.631224875,2.6668778037591525,0.00023852010409620422
4096,1,0.747636672,2.6667978404265305,0.0002385180464804136
8192,1,1.033397550,2.6672137266846589,0.00023853662219320727
16384,1,1.684487131,2.6666993370309942,0.00023851002334547545
32768,1,2.812036839,2.6667454516424987,0.00023851493463559578
65536,1,4.950350129,2.6668004581298379,0.00023852111763963222
100000,1,7.234510669,2.6665785884128339,0.0002385095530801959
100000,2,7.197727219,2.6665785884128339,0.0002385095530801959
65536,2,5.089693227,2.6668004581298379,0.00023852111763963222
32768,2,2.787743958,2.6667454516424987,0.00023851493463559578
16384,2,1.688910685,2.6666993370309942,0.00023851002334547545
8192,2,1.055723140,2.6672137266846589,0.00023853662219320727
4096,2,0.788167490,2.6667978404265305,0.0002385180464804136
2048,2,0.587691425,2.6668778037591525,0.00023852010409620422
1024,2,0.498522601,2.6664747859085418,0.00023852251954223114
512,2,0.492668204,2.6665198916649024,0.00023851209233929208
256,2,0.412841992,2.6667563252794118,0.000238513559444711
128,2,0.408916855,2.6665981511060912,0.00023852421669049042
64,2,0.410954763,2.6665628691051153,0.00023852436884719912
32,2,0.411742961,2.6667953569437439,0.00023852234804048192
16,2,0.381196698,2.6668034697536562,0.00023852734444084489
15,2,0.395775658,2.6668148394333793,0.00023853314009100325
14,2,0.412174705,2.6668813264860467,0.00023853272983680261
13,2,0.383586169,2.6668637696570774,0.00023853283113311994
12,2,0.400174496,2.6666254105545146,0.00023852200880872094
11,2,0.406065254,2.6666178865818511,0.00023852744285951963
10,2,0.396700848,2.6666550010824532,0.00023852881516346183
9,2,0.444910280,2.6665179257324723,0.00023852119177661616
8,2,0.406227483,2.6664711505013723,0.00023851674735576953
7,2,0.409313718,2.6664918598589078,0.00023852028666502954
6,2,0.438506060,2.6663318744517372,0.00023851195960777452
5,2,0.436383326,2.666450307681453,0.00023851348789006956
4,2,0.427235502,2.666300774660352,0.00023850559106668254
3,2,0.531192681,2.6666861940302469,0.00023850643289431592
2,2,0.750513012,2.6666399681715616,0.00023850186579689106
1,2,1.351012601,2.6667557562270905,0.00023851263841879157
1,3,1.377395278,2.6667557562270905,0.00023851263841879157
2,3,0.793360057,2.6666399681715616,0.00023850186579689106
3,3,0.508519350,2.6666861940302469,0.00023850643289431592
4,3,0.430536978,2.666300774660352,0.00023850559106668254
5,3,0.406549165,2.666450307681453,0.00023851348789006956
6,3,0.431920510,2.6663318744517372,0.00023851195960777452
7,3,0.449098551,2.6664918598589078,0.00023852028666502954
8,3,0.385892606,2.6664711505013723,0.00023851674735576953
9,3,0.417563138,2.6665179257324723,0.00023852119177661616
10,3,0.416284587,2.6666550010824532,0.00023852881516346183
11,3,0.382753138,2.6666178865818511,0.00023852744285951963
12,3,0.413202698,2.6666254105545146,0.00023852200880872094
13,3,0.408027229,2.6668637696570774,0.00023853283113311994
14,3,0.402135830,2.6668813264860467,0.00023853272983680261
15,3,0.391146946,2.6668148394333793,0.00023853314009100325
16,3,0.384082560,2.6668034697536562,0.00023852734444084489
32,3,0.387129172,2.6667953569437439,0.00023852234804048192
64,3,0.409174103,2.6665628691051153,0.00023852436884719912
128,3,0.433551529,2.6665981511060912,0.00023852421669049042
256,3,0.460590262,2.6667563252794118,0.000238513559444711
512,3,0.445241344,2.6665198916649024,0.00023851209233929208
1024,3,0.509939373,2.6664747859085418,0.00023852251954223114
2048,3,0.608518515,2.6668778037591525,0.00023852010409620422
4096,3,0.730765985,2.6667978404265305,0.0002385180464804136
8192,3,1.104703578,2.6672137266846589,0.00023853662219320727
16384,3,1.695857950,2.6666993370309942,0.00023851002334547545
32768,3,2.979343016,2.6667454516424987,0.00023851493463559578
65536,3,5.869693914,2.6668004581298379,0.00023852111763963222
100000,3,7.608235456,2.6665785884128339,0.0002385095530801959
100000,4,8.702458376,2.6665785884128339,0.0002385095530801959
65536,4,5.317241718,2.6668004581298379,0.00023852111763963222
32768,4,2.769532331,2.6667454516424987,0.00023851493463559578
16384,4,1.571192310,2.6666993370309942,0.00023851002334547545
8192,4,1.066664635,2.6672137266846589,0.00023853662219320727
4096,4,0.808605178,2.6667978404265305,0.0002385180464804136
2048,4,0.700475706,2.6668778037591525,0.00023852010409620422
1024,4,0.503267256,2.6664747859085418,0.00023852251954223114
512,4,0.450601933,2.6665198916649024,0.00023851209233929208
256,4,0.412033839,2.6667563252794118,0.000238513559444711
128,4,0.422976278,2.6665981511060912,0.00023852421669049042
64,4,0.404514118,2.6665628691051153,0.00023852436884719912
32,4,0.408913878,2.6667953569437439,0.00023852234804048192
16,4,0.423426601,2.6668034697536562,0.00023852734444084489
15,4,0.357947242,2.6668148394333793,0.00023853314009100325
14,4,0.399025854,2.6668813264860467,0.00023853272983680261
13,4,0.394249873,2.6668637696570774,0.00023853283113311994
12,4,0.409140110,2.6666254105545146,0.00023852200880872094
11,4,0.393933244,2.6666178865818511,0.00023852744285951963
10,4,0.410148311,2.6666550010824532,0.00023852881516346183
9,4,0.441758738,2.6665179257324723,0.00023852119177661616
8,4,0.384189058,2.6664711505013723,0.00023851674735576953
7,4,0.435489909,2.6664918598589078,0.00023852028666502954
6,4,0.405924777,2.6663318744517372,0.00023851195960777452
5,4,0.424281238,2.666450307681453,0.00023851348789006956
4,4,0.420730248,2.666300774660352,0.00023850559106668254
3,4,0.527875768,2.6666861940302469,0.00023850643289431592
2,4,0.735112493,2.6666399681715616,0.00023850186579689106
1,4,1.445600884,2.6667557562270905,0.00023851263841879157
1,5,1.334906887,2.6667557562270905,0.00023851263841879157
2,5,0.751336122,2.6666399681715616,0.00023850186579689106
3,5,0.499948322,2.6666861940302469,0.00023850643289431592
4,5,0.442970378,2.666300774660352,0.00023850559106668254
5,5,0.414940180,2.666450307681453,0.00023851348789006956
6,5,0.440163262,2.6663318744517372,0.00023851195960777452
7,5,0.384814533,2.6664918598589078,0.00023852028666502954
8,5,0.393700545,2.6664711505013723,0.00023851674735576953
9,5,0.425914531,2.6665179257324723,0.00023852119177661616
10,5,0.400699655,2.6666550010824532,0.00023852881516346183
11,5,0.381367598,2.6666178865818511,0.00023852744285951963
12,5,0.378953661,2.6666254105545146,0.00023852200880872094
13,5,0.395561235,2.6668637696570774,0.00023853283113311994
14,5,0.390837165,2.6668813264860467,0.00023853272983680261
15,5,0.404365757,2.6668148394333793,0.00023853314009100325
16,5,0.420229185,2.6668034697536562,0.00023852734444084489
32,5,0.379568049,2.6667953569437439,0.00023852234804048192
64,5,0.389551993,2.6665628691051153,0.00023852436884719912
128,5,0.448300850,2.6665981511060912,0.00023852421669049042
256,5,0.424312934,2.6667563252794118,0.000238513559444711
512,5,0.466719833,2.6665198916649024,0.00023851209233929208
1024,5,0.493094892,2.6664747859085418,0.00023852251954223114
2048,5,0.625237584,2.6668778037591525,0.00023852010409620422
4096,5,0.844971942,2.6667978404265305,0.0002385180464804136
8192,5,1.163570954,2.6672137266846589,0.00023853662219320727
16384,5,1.781640352,2.6666993370309942,0.00023851002334547545
32768,5,3.073154524,2.6667454516424987,0.00023851493463559578
65536,5,5.711147215,2.6668004581298379,0.00023852111763963222
100000,5,8.829635674,2.6665785884128339,0.0002385095530801959
100000,6,8.216739804,2.6665785884128339,0.0002385095530801959
65536,6,6.011650673,2.6668004581298379,0.00023852111763963222
32768,6,3.444964695,2.6667454516424987,0.00023851493463559578
16384,6,1.958513193,2.6666993370309942,0.00023851002334547545
8192,6,1.266514695,2.6672137266846589,0.00023853662219320727
4096,6,0.903945748,2.6667978404265305,0.0002385180464804136
2048,6,0.644352322,2.6668778037591525,0.00023852010409620422
1024,6,0.505061785,2.6664747859085418,0.00023852251954223114
512,6,0.492654507,2.6665198916649024,0.00023851209233929208
256,6,0.474717908,2.6667563252794118,0.000238513559444711
128,6,0.422538210,2.6665981511060912,0.00023852421669049042
64,6,0.384512326,2.6665628691051153,0.00023852436884719912
32,6,0.401288710,2.6667953569437439,0.00023852234804048192
16,6,0.406252871,2.6668034697536562,0.00023852734444084489
15,6,0.387048458,2.6668148394333793,0.00023853314009100325
14,6,0.412878846,2.6668813264860467,0.00023853272983680261
13,6,0.382843614,2.6668637696570774,0.00023853283113311994
12,6,0.403748989,2.6666254105545146,0.00023852200880872094
11,6,0.410015286,2.6666178865818511,0.00023852744285951963
10,6,0.389145664,2.6666550010824532,0.00023852881516346183
9,6,0.401920117,2.6665179257324723,0.00023852119177661616
8,6,0.426287625,2.6664711505013723,0.00023851674735576953
7,6,0.393831829,2.6664918598589078,0.00023852028666502954
6,6,0.423229414,2.6663318744517372,0.00023851195960777452
5,6,0.452566407,2.666450307681453,0.00023851348789006956
4,6,0.421300503,2.666300774660352,0.00023850559106668254
3,6,0.621347026,2.6666861940302469,0.00023850643289431592
2,6,0.771841334,2.6666399681715616,0.00023850186579689106
1,6,1.407272497,2.6667557562270905,0.00023851263841879157
1,7,1.403862024,2.6667557562270905,0.00023851263841879157
2,7,0.736395039,2.6666399681715616,0.00023850186579689106
3,7,0.547974636,2.6666861940302469,0.00023850643289431592
4,7,0.393849863,2.666300774660352,0.00023850559106668254
5,7,0.466741279,2.666450307681453,0.00023851348789006956
6,7,0.422422026,2.6663318744517372,0.00023851195960777452
7,7,0.387670548,2.6664918598589078,0.00023852028666502954
8,7,0.428587232,2.6664711505013723,0.00023851674735576953
9,7,0.403927126,2.6665179257324723,0.00023852119177661616
10,7,0.419023374,2.6666550010824532,0.00023852881516346183
11,7,0.417267218,2.6666178865818511,0.00023852744285951963
12,7,0.448901747,2.6666254105545146,0.00023852200880872094
13,7,0.381018050,2.6668637696570774,0.00023853283113311994
14,7,0.405042156,2.6668813264860467,0.00023853272983680261
15,7,0.409164062,2.6668148394333793,0.00023853314009100325
16,7,0.408845603,2.6668034697536562,0.00023852734444084489
32,7,0.377298076,2.6667953569437439,0.00023852234804048192
64,7,0.398101600,2.6665628691051153,0.00023852436884719912
128,7,0.426858263,2.6665981511060912,0.00023852421669049042
256,7,0.407715798,2.6667563252794118,0.000238513559444711
512,7,0.440965600,2.6665198916649024,0.00023851209233929208
1024,7,0.479349680,2.6664747859085418,0.00023852251954223114
2048,7,0.602057665,2.6668778037591525,0.00023852010409620422
4096,7,0.746801823,2.6667978404265305,0.0002385180464804136
8192,7,1.103543855,2.6672137266846589,0.00023853662219320727
16384,7,1.747385250,2.6666993370309942,0.00023851002334547545
32768,7,2.715300904,2.6667454516424987,0.00023851493463559578
65536,7,5.220843135,2.6668004581298379,0.00023852111763963222
100000,7,7.720864052,2.6665785884128339,0.0002385095530801959
100000,8,7.598435409,2.6665785884128339,0.0002385095530801959
65536,8,5.156267300,2.6668004581298379,0.00023852111763963222
32768,8,2.819890853,2.6667454516424987,0.00023851493463559578
16384,8,1.692648261,2.6666993370309942,0.00023851002334547545
8192,8,1.067687367,2.6672137266846589,0.00023853662219320727
4096,8,0.801005009,2.6667978404265305,0.0002385180464804136
2048,8,0.631337882,2.6668778037591525,0.00023852010409620422
1024,8,0.504765792,2.6664747859085418,0.00023852251954223114
512,8,0.435133575,2.6665198916649024,0.00023851209233929208
256,8,0.426655643,2.6667563252794118,0.000238513559444711
128,8,0.411534485,2.6665981511060912,0.00023852421669049042
64,8,0.405614062,2.6665628691051153,0.00023852436884719912
32,8,0.407656069,2.6667953569437439,0.00023852234804048192
16,8,0.413271116,2.6668034697536562,0.00023852734444084489
15,8,0.397439005,2.6668148394333793,0.00023853314009100325
14,8,0.468152381,2.6668813264860467,0.00023853272983680261
13,8,0.394944930,2.6668637696570774,0.00023853283113311994
12,8,0.415292326,2.6666254105545146,0.00023852200880872094
11,8,0.384576285,2.6666178865818511,0.00023852744285951963
10,8,0.383584018,2.6666550010824532,0.00023852881516346183
9,8,0.412722441,2.6665179257324723,0.00023852119177661616
8,8,0.414339704,2.6664711505013723,0.00023851674735576953
7,8,0.395169861,2.6664918598589078,0.00023852028666502954
6,8,0.413510851,2.6663318744517372,0.00023851195960777452
5,8,0.453595167,2.666450307681453,0.00023851348789006956
4,8,0.405247491,2.666300774660352,0.00023850559106668254
3,8,0.513174324,2.6666861940302469,0.00023850643289431592
2,8,0.790586132,2.6666399681715616,0.00023850186579689106
1,8,1.399116140,2.6667557562270905,0.00023851263841879157
1,9,1.510919944,2.6667557562270905,0.00023851263841879157
2,9,0.774650660,2.6666399681715616,0.00023850186579689106
3,9,0.486254785,2.6666861940302469,0.00023850643289431592
4,9,0.405938652,2.666300774660352,0.00023850559106668254
5,9,0.463490100,2.666450307681453,0.00023851348789006956
6,9,0.427718849,2.6663318744517372,0.00023851195960777452
7,9,0.430560608,2.6664918598589078,0.00023852028666502954
8,9,0.410540549,2.6664711505013723,0.00023851674735576953
9,9,0.417317354,2.6665179257324723,0.00023852119177661616
10,9,0.402766509,2.6666550010824532,0.00023852881516346183
11,9,0.402812220,2.6666178865818511,0.00023852744285951963
12,9,0.389616356,2.6666254105545146,0.00023852200880872094
13,9,0.408095328,2.6668637696570774,0.00023853283113311994
14,9,0.419055999,2.6668813264860467,0.00023853272983680261
15,9,0.396118029,2.6668148394333793,0.00023853314009100325
16,9,0.397202180,2.6668034697536562,0.00023852734444084489
32,9,0.392021218,2.6667953569437439,0.00023852234804048192
64,9,0.388161597,2.6665628691051153,0.00023852436884719912
128,9,0.398377223,2.6665981511060912,0.00023852421669049042
256,9,0.430762527,2.6667563252794118,0.000238513559444711
512,9,0.454462896,2.6665198916649024,0.00023851209233929208
1024,9,0.498801485,2.6664747859085418,0.00023852251954223114
2048,9,0.576390093,2.6668778037591525,0.00023852010409620422
4096,9,0.729604353,2.6667978404265305,0.0002385180464804136
8192,9,1.093105833,2.6672137266846589,0.00023853662219320727
16384,9,1.671633325,2.6666993370309942,0.00023851002334547545
32768,9,2.812917203,2.6667454516424987,0.00023851493463559578
65536,9,5.135382143,2.6668004581298379,0.00023852111763963222
100000,9,7.249078744,2.6665785884128339,0.0002385095530801959
100000,10,7.446957057,2.6665785884128339,0.0002385095530801959
65536,10,5.048732772,2.6668004581298379,0.00023852111763963222
32768,10,2.924397527,2.6667454516424987,0.00023851493463559578
16384,10,1.719028532,2.6666993370309942,0.00023851002334547545
8192,10,1.106582279,2.6672137266846589,0.00023853662219320727
4096,10,0.804664861,2.6667978404265305,0.0002385180464804136
2048,10,0.685186261,2.6668778037591525,0.00023852010409620422
1024,10,0.517712623,2.6664747859085418,0.00023852251954223114
512,10,0.449932349,2.6665198916649024,0.00023851209233929208
256,10,0.422818228,2.6667563252794118,0.000238513559444711
128,10,0.386367318,2.6665981511060912,0.00023852421669049042
64,10,0.414632887,2.6665628691051153,0.00023852436884719912
32,10,0.404264461,2.6667953569437439,0.00023852234804048192
16,10,0.394958871,2.6668034697536562,0.00023852734444084489
15,10,0.425499008,2.6668148394333793,0.00023853314009100325
14,10,0.402579360,2.6668813264860467,0.00023853272983680261
13,10,0.411014768,2.6668637696570774,0.00023853283113311994
12,10,0.396240283,2.6666254105545146,0.00023852200880872094
11,10,0.413698798,2.6666178865818511,0.00023852744285951963
10,10,0.436997028,2.6666550010824532,0.00023852881516346183
9,10,0.398238697,2.6665179257324723,0.00023852119177661616
8,10,0.428086790,2.6664711505013723,0.00023851674735576953
7,10,0.400967236,2.6664918598589078,0.00023852028666502954
6,10,0.419763694,2.6663318744517372,0.00023851195960777452
5,10,0.542195403,2.666450307681453,0.00023851348789006956
4,10,0.446236762,2.666300774660352,0.00023850559106668254
3,10,0.563010661,2.6666861940302469,0.00023850643289431592
2,10,0.748299808,2.6666399681715616,0.00023850186579689106
1,10,1.385124195,2.6667557562270905,0.00023851263841879157
