type,file_size,chunk_size,run,real_seconds,user_seconds,sys_seconds
fifo,268435456,8192,1,1.405,0.006,1.182
fifo,268435456,8192,2,1.508,0.003,1.199
fifo,268435456,8192,3,1.420,0.010,1.142
fifo,268435456,8192,4,1.366,0.009,1.176
fifo,268435456,8192,5,1.542,0.003,1.226
fifo,268435456,65536,1,1.480,0.003,0.991
fifo,268435456,65536,2,1.376,0.007,0.942
fifo,268435456,65536,3,1.437,0.004,0.988
fifo,268435456,65536,4,1.519,0.008,0.984
fifo,268435456,65536,5,1.392,0.007,0.960
fifo,268435456,1048576,1,1.427,0.006,0.996
fifo,268435456,1048576,2,1.495,0.003,0.967
fifo,268435456,1048576,3,1.716,0.013,1.077
fifo,268435456,1048576,4,1.533,0.006,1.019
fifo,268435456,1048576,5,1.458,0.004,1.002
fifo,268435456,8388608,1,1.812,0.001,1.113
fifo,268435456,8388608,2,1.864,0.003,1.148
fifo,268435456,8388608,3,1.630,0.001,1.098
fifo,268435456,8388608,4,1.756,0.004,1.179
fifo,268435456,8388608,5,1.969,0.012,1.146
fifo,268435456,67108864,1,2.182,0.001,1.315
fifo,268435456,67108864,2,1.612,0.004,1.047
fifo,268435456,67108864,3,1.637,0.005,1.013
fifo,268435456,67108864,4,1.736,0.004,1.080
fifo,268435456,67108864,5,1.676,0.004,1.080
shMem,268435456,8192,1,3.662,0.016,2.486
shMem,268435456,8192,2,3.701,0.011,2.440
shMem,268435456,8192,3,4.234,0.019,2.478
shMem,268435456,8192,4,3.937,0.019,2.352
shMem,268435456,8192,5,3.998,0.011,2.466
shMem,268435456,65536,1,1.685,0.015,1.008
shMem,268435456,65536,2,1.674,0.021,1.029
shMem,268435456,65536,3,1.694,0.005,0.994
shMem,268435456,65536,4,1.518,0.008,0.940
shMem,268435456,65536,5,1.574,0.010,1.028
shMem,268435456,1048576,1,1.935,0.013,0.755
shMem,268435456,1048576,2,1.911,0.012,0.748
shMem,268435456,1048576,3,2.026,0.014,0.743
shMem,268435456,1048576,4,1.891,0.017,0.700
shMem,268435456,1048576,5,1.952,0.010,0.721
shMem,268435456,8388608,1,2.068,0.043,0.764
shMem,268435456,8388608,2,1.838,0.057,0.736
shMem,268435456,8388608,3,2.007,0.033,0.756
shMem,268435456,8388608,4,1.977,0.043,0.734
shMem,268435456,8388608,5,2.036,0.054,0.779
shMem,268435456,67108864,1,1.586,0.088,0.963
shMem,268435456,67108864,2,1.486,0.084,0.916
shMem,268435456,67108864,3,1.549,0.102,0.950
shMem,268435456,67108864,4,1.597,0.075,0.948
shMem,268435456,67108864,5,1.573,0.084,0.900
queue,268435456,8192,1,1.375,0.029,0.994
queue,268435456,8192,2,1.346,0.031,1.005
queue,268435456,8192,3,1.287,0.036,0.939
queue,268435456,8192,4,1.304,0.025,0.919
queue,268435456,8192,5,1.241,0.029,0.924
queue,268435456,65536,1,1.246,0.025,0.850
queue,268435456,65536,2,1.248,0.027,0.831
queue,268435456,65536,3,1.273,0.011,0.879
queue,268435456,65536,4,1.253,0.015,0.850
queue,268435456,65536,5,1.404,0.036,0.930
queue,268435456,1048576,1,1.729,0.021,0.830
queue,268435456,1048576,2,1.859,0.023,0.845
queue,268435456,1048576,3,1.820,0.031,0.821
queue,268435456,1048576,4,1.748,0.029,0.802
queue,268435456,1048576,5,1.827,0.034,0.846
queue,268435456,8388608,1,2.038,0.046,0.904
queue,268435456,8388608,2,1.913,0.070,0.911
queue,268435456,8388608,3,1.909,0.053,0.935
queue,268435456,8388608,4,2.380,0.048,1.008
queue,268435456,8388608,5,1.870,0.051,0.922
queue,268435456,67108864,1,1.523,0.076,1.050
queue,268435456,67108864,2,1.479,0.103,1.066
queue,268435456,67108864,3,1.400,0.083,1.052
queue,268435456,67108864,4,1.478,0.077,1.075
queue,268435456,67108864,5,1.461,0.094,1.071
